,filename,rank politician press conference,politician press conference,rank a world map,a world map,rank a dog,a dog,itm politician press conference,itm_rank politician press conference,itm a world map,itm_rank a world map,itm a dog,itm_rank a dog
0,data/102730_eng.png,1,0.144050866365,0,0.131087630987,1,0.10083308816,0.00185553671326,1,0.0045476439409,1,0.000811598263681,0
1,data/102141_2_eng.png,2,0.113500788808,1,0.106334105134,2,0.0490400977433,0.00126223196276,2,0.0857630595565,0,0.000174979766598,1
2,data/106349S_por.png,0,0.166553884745,2,0.0935290455818,0,0.108629465103,0.0582960061729,0,0.000794103252701,2,9.0896646725e-05,2
