,filename,rank politician press conference,politician press conference,rank a world map,a world map,rank a dog,a dog,itm politician press conference,itm_rank politician press conference,itm a world map,itm_rank a world map,itm a dog,itm_rank a dog
0,data/106349S_por.png,0,0.166553914547,2,0.0935291051865,0,0.108629494905,0.0582958459854,0,0.000794103252701,2,9.0896297479e-05,2
1,data/102141_2_eng.png,2,0.11350081116,1,0.106334142387,2,0.0490401014686,0.00126222951803,2,0.0857629850507,0,0.000174979766598,1
2,data/102730_eng.png,1,0.144050806761,0,0.131087586284,1,0.100833065808,0.00185553589836,1,0.00454762298614,1,0.000811595178675,0
