,filename,rank politician press conference,politician press conference,rank a world map,a world map,rank a dog,a dog,itm politician press conference,itm_rank politician press conference,itm a world map,itm_rank a world map,itm a dog,itm_rank a dog
0,data/102730_eng.png,1,0.14405080676078796,0,0.13108758628368378,1,0.10083306580781937,0.0018555358983576298,1,0.004547622986137867,1,0.0008115951786749065,0
1,data/106349S_por.png,0,0.16655391454696655,2,0.0935291051864624,0,0.1086294949054718,0.0582958459854126,0,0.0007941032527014613,2,9.089629747904837e-05,2
2,data/102141_2_eng.png,2,0.11350081115961075,1,0.1063341423869133,2,0.04904010146856308,0.001262229518033564,2,0.08576298505067825,0,0.00017497976659797132,1
