,filename,rank politician press conference,politician press conference,rank a world map,a world map,rank a dog,a dog
0,data/106349S_por.png,0,0.166553944349,2,0.0935291349888,0,0.108629524708
1,data/102141_2_eng.png,2,0.11350069195,1,0.106334045529,2,0.0490400008857
2,data/102730_eng.png,1,0.144050821662,0,0.131087586284,1,0.100833073258
