,filename,rank politician press conference,politician press conference,rank a world map,a world map,rank a dog,a dog,itm politician press conference,itm_rank politician press conference,itm a world map,itm_rank a world map,itm a dog,itm_rank a dog
0,data/102730_eng.png,1,0.144050821662,0,0.131087586284,1,0.100833073258,0.00185553939082,1,0.00454764207825,1,0.000811596750282,0
1,data/106349S_por.png,0,0.166553944349,2,0.0935291349888,0,0.108629524708,0.0582963824272,0,0.000794110062998,2,9.08969086595e-05,2
2,data/102141_2_eng.png,2,0.11350069195,1,0.106334045529,2,0.0490400008857,0.00126221624669,2,0.0857619717717,0,0.000174977583811,1
